country_name,iso3,year,gov_expense_gdp_pct,gdp_usd,gov_expense_usd,population,idh
Brazil,BRA,1990,,384959818181.817,,149143223,
Brazil,BRA,1991,,342534090909.091,,151724256,
Brazil,BRA,1992,,328191909882.232,,154275079,
Brazil,BRA,1993,,368292034380.96,,156794577,
Brazil,BRA,1994,,525369467295.737,,159265006,
Brazil,BRA,1995,,769333050986.905,,161735073,
Brazil,BRA,1996,,850426432991.742,,164202549,
Brazil,BRA,1997,,883206179730.462,,166661659,
Brazil,BRA,1998,,863710759256.435,,169159655,
Brazil,BRA,1999,,599642024319.531,,171641543,
Brazil,BRA,2000,,655448231983.527,,174018282,
Brazil,BRA,2001,,559983634798.981,,176301203,
Brazil,BRA,2002,,509795273806.715,,178503484,
Brazil,BRA,2003,,558233745651.874,,180622688,
Brazil,BRA,2004,,669289424806.307,,182675143,
Brazil,BRA,2005,,891633839894.183,,184688101,
Brazil,BRA,2006,,1107626541434.92,,186653106,
Brazil,BRA,2007,,1397114486368.67,,188552320,
Brazil,BRA,2008,,1695855083497.52,,190367302,
Brazil,BRA,2009,,1666996438581.43,,192079951,
Brazil,BRA,2010,28.0594682317914,2208837745100.55,619788125378.3063,193701929,
Brazil,BRA,2011,28.662521677616,2616156223917.69,749856344800.708,195284734,
Brazil,BRA,2012,28.1749993082199,2465227802806.76,694577916386.8492,196876111,
Brazil,BRA,2013,28.150486422269,2472819535557.21,696110727604.2477,198478299,
Brazil,BRA,2014,29.2822360064413,2456043727198.85,719184520619.7645,200085127,
Brazil,BRA,2015,33.9491788065831,1802212206814.5,611836244565.5217,201675532,
Brazil,BRA,2016,33.4051681393353,1795693482853.01,599854427214.1342,203218114,
Brazil,BRA,2017,32.3610510090101,2063514977365.65,667775134403.8612,204703445,
Brazil,BRA,2018,32.2312978931468,1916933898010.99,617852675082.6332,206107261,
Brazil,BRA,2019,31.1361557850731,1873288205059.69,583269933830.7847,207455459,
Brazil,BRA,2020,34.9119748286061,1476107231310.49,515338185038.3526,208660842,
Brazil,BRA,2021,29.4981043220662,1670647398904.9,492809312582.8528,209550294,
Brazil,BRA,2022,31.641435845417,1951923942083.32,617616761885.6282,210306415,
Brazil,BRA,2023,32.4311004876294,2191131765684.63,710608144745.5507,211140729,
Brazil,BRA,2024,,2179412080828.59,,211998573,
Switzerland,CHE,1990,14.0359260685729,265763573999.424,37302378763.75619,6715519,
Switzerland,CHE,1991,15.0879116119048,268901693863.319,40571649893.012405,6799978,
Switzerland,CHE,1992,16.3922335408095,279921425828.474,45885373852.56731,6875364,
Switzerland,CHE,1993,17.5827336399258,272237527070.926,47866799252.80181,6938265,
Switzerland,CHE,1994,17.6792138702836,301375055202.164,53280740560.87583,6993795,
Switzerland,CHE,1995,17.621135865514,352835806342.495,62173676817.7929,7040687,
Switzerland,CHE,1996,18.3043333152888,340103959546.926,62253762373.964325,7071850,
Switzerland,CHE,1997,18.5289874080571,294788198856.198,54621268246.50326,7088906,
Switzerland,CHE,1998,18.5222897658126,303459014346.806,56207557957.79425,7110001,
Switzerland,CHE,1999,19.2106707982503,297873643323.126,57223525013.56002,7143991,
Switzerland,CHE,2000,18.516531788552,279216033870.204,51701125670.31044,7184250,
Switzerland,CHE,2001,17.5202183407864,286582672434.226,50209909937.337074,7229854,
Switzerland,CHE,2002,19.4819504580923,309301422430.386,60257949884.062584,7284753,
Switzerland,CHE,2003,18.3415985235915,362075086507.76,66410358721.19996,7339001,
Switzerland,CHE,2004,18.1701679230064,403912891033.374,73391650563.43391,7389625,
Switzerland,CHE,2005,17.8222313074719,418284865884.998,74547696322.17296,7437115,
Switzerland,CHE,2006,16.8917221176105,441634672196.523,74599701602.45671,7483934,
Switzerland,CHE,2007,16.3543043101587,490740715594.802,80257230002.22435,7551117,
Switzerland,CHE,2008,15.8397851197895,567267767519.158,89853995428.86168,7647675,
Switzerland,CHE,2009,16.918582516051,554212916092.271,93764969523.68336,7743831,
Switzerland,CHE,2010,16.7197445696918,598851027947.721,100126362225.83261,7824909,
Switzerland,CHE,2011,16.6376791837765,715888126682.396,119107169832.16454,7912398,
Switzerland,CHE,2012,16.5219261840556,686420221557.99,113409842318.24202,7996861,
Switzerland,CHE,2013,16.7887620098092,706234937370.968,118568102865.33687,8089346,
Switzerland,CHE,2014,16.7192644780742,726537809429.524,121471777891.72887,8188649,
Switzerland,CHE,2015,17.0674446630017,694118186379.628,118468237356.17403,8282396,
Switzerland,CHE,2016,17.2408228496826,687895460902.713,118598837805.2444,8373338,
Switzerland,CHE,2017,17.2162171145504,695200834102.045,119687284981.17342,8451840,
Switzerland,CHE,2018,16.7182236540887,725568717468.001,121302200950.40334,8514329,
Switzerland,CHE,2019,16.8530605013535,721369112726.724,121572773005.91173,8575280,
Switzerland,CHE,2020,20.0431954756295,741999406005.627,148720391373.7176,8638167,
Switzerland,CHE,2021,18.9667523426681,815309330986.719,154637701634.91516,8704546,
Switzerland,CHE,2022,16.4692697536485,828508926958.393,136449370113.83635,8777088,
Switzerland,CHE,2023,16.7263244208761,894424821645.205,149604397369.21942,8888093,
Switzerland,CHE,2024,,936564198048.516,,9034102,
China,CHN,1990,,361560229445.507,,1135185000,
China,CHN,1991,,384510452961.672,,1150780000,
China,CHN,1992,,428502354788.069,,1164970000,
China,CHN,1993,,446557291212.148,,1178440000,
China,CHN,1994,,566929539493.172,,1191835000,
China,CHN,1995,,738190896227.55,,1204855000,
China,CHN,1996,,868523936530.083,,1217550000,
China,CHN,1997,,967753570434.667,,1230075000,
China,CHN,1998,,1037134141760.35,,1241935000,
China,CHN,1999,,1103843203575.64,,1252735000,
China,CHN,2000,,1223754919971.05,,1262645000,
China,CHN,2001,,1355036590251.52,,1271850000,
China,CHN,2002,,1489821682050.54,,1280400000,
China,CHN,2003,,1683903309843.85,,1288400000,
China,CHN,2004,,1984196551300.44,,1296075000,
China,CHN,2005,,2317551298052.05,,1303720000,
China,CHN,2006,,2791498472804.33,,1311020000,
China,CHN,2007,,3604055822571.63,,1317885000,
China,CHN,2008,,4667346414521.95,,1324655000,
China,CHN,2009,,5189577094997.58,,1331260000,
China,CHN,2010,,6192564874453.29,,1337705000,
China,CHN,2011,,7671757207851.29,,1345035000,
China,CHN,2012,,8673664713189.24,,1354190000,
China,CHN,2013,,9743124247267.24,,1363240000,
China,CHN,2014,,10674533168257.4,,1371860000,
China,CHN,2015,,11280814787468.9,,1379860000,
China,CHN,2016,,11456024084962.0,,1387790000,
China,CHN,2017,,12537559062282.9,,1396215000,
China,CHN,2018,,14147765772963.8,,1402760000,
China,CHN,2019,,14560167101283.4,,1407745000,
China,CHN,2020,,14996414166715.1,,1411100000,
China,CHN,2021,,18201698719564.0,,1412360000,
China,CHN,2022,,18316765021690.2,,1412175000,
China,CHN,2023,,18270356654533.2,,1410710000,
China,CHN,2024,,18743803170827.2,,1408975000,
Germany,DEU,1990,24.5955746089283,1778162195860.07,437349209550.5213,79433029,
Germany,DEU,1991,30.9721602653916,1875792575132.59,580973482616.382,80013896,
Germany,DEU,1992,31.1633496891613,2141377582968.07,667324984345.6499,80624598,
Germany,DEU,1993,31.6897128614838,2078954217437.6,658814622027.6831,81156363,
Germany,DEU,1994,31.7466621690732,2215282632276.73,703278293359.0457,81438348,
Germany,DEU,1995,38.2181975125399,2593053091306.13,991018152040.3984,81678051,
Germany,DEU,1996,32.3299767702327,2506576553158.31,810375617364.1812,81914831,
Germany,DEU,1997,31.7949552150795,2218790886532.82,705463568689.3755,82034771,
Germany,DEU,1998,31.5785413710064,2247760364565.97,709809936645.5491,82047195,
Germany,DEU,1999,31.3519862894995,2213873468586.88,694093306338.2256,82100243,
Germany,DEU,2000,31.0107716724735,1966980701145.1,609975894073.7252,82211508,
Germany,DEU,2001,30.4174846164707,1966381496641.73,598123789242.1245,82349925,
Germany,DEU,2002,30.8239781232009,2102350798305.89,648028150142.747,82488495,
Germany,DEU,2003,31.1635970921229,2534715518349.01,789908531569.7998,82534176,
Germany,DEU,2004,29.9861755573387,2852317768061.78,855301013384.1702,82516260,
Germany,DEU,2005,30.0041707693565,2893393187361.87,868138632964.9825,82469422,
Germany,DEU,2006,28.6974997733062,3046308753670.58,874214447678.8217,82376451,
Germany,DEU,2007,27.5320782623062,3484056680854.91,959233212076.0815,82266372,
Germany,DEU,2008,27.801002440456,3808786022312.5,1058880695014.8452,82110097,
Germany,DEU,2009,30.434571741213,3479800820863.28,1059062477276.9539,81902307,
Germany,DEU,2010,30.7473070189522,3468154343000.01,1066364063733.3374,81776930,
Germany,DEU,2011,28.3049046331442,3824828563521.41,1082614077285.9944,80274983,
Germany,DEU,2012,27.933530449439,3597896500945.31,1005019514630.8586,80425823,
Germany,DEU,2013,27.9891744091962,3808086291482.36,1065851913775.6892,80645605,
Germany,DEU,2014,27.5095890686293,3965800686309.79,1090975472084.7036,80982500,
Germany,DEU,2015,27.4487709234683,3423568450957.03,939727461511.3271,81686611,
Germany,DEU,2016,27.3671431834324,3537784107980.55,968190442351.7538,82348669,
Germany,DEU,2017,27.5391986454965,3763092263752.95,1036325453728.236,82657002,
Germany,DEU,2018,27.3876244852279,4052008447223.53,1109748857635.2944,82905782,
Germany,DEU,2019,27.899362920382,3957208055215.68,1104035836839.2131,83092962,
Germany,DEU,2020,32.1608467019556,3940142541354.1,1267183202563.4297,83160871,
Germany,DEU,2021,32.720769435816,4348297440387.53,1422796379852.6926,83196078,
Germany,DEU,2022,31.4551133705123,4163596357879.39,1309663954661.4832,83797985,
Germany,DEU,2023,,4525703903627.53,,83901923,
Germany,DEU,2024,,4659929336890.62,,83510950,
Spain,ESP,1990,29.3535492279672,536175326477.31,157386488405.73105,38867322,
Spain,ESP,1991,30.1768528181733,576753902321.857,174046176226.7378,38966376,
Spain,ESP,1992,31.7336598406296,630465353486.104,200069730688.30322,39157685,
Spain,ESP,1993,34.6556093029046,524700572623.872,181838180458.6323,39361262,
Spain,ESP,1994,33.7892451385938,530183651720.283,179145053764.5148,39549108,
Spain,ESP,1995,,614170002668.802,,39724050,
Spain,ESP,1996,,642251412058.321,,39889852,
Spain,ESP,1997,,589739772727.273,,40057389,
Spain,ESP,1998,,618731484575.12,,40223509,
Spain,ESP,1999,,634394904386.874,,40386875,
Spain,ESP,2000,,598102854756.08,,40567864,
Spain,ESP,2001,,627798682378.741,,40850412,
Spain,ESP,2002,,708938227243.923,,41431558,
Spain,ESP,2003,,907963217057.645,,42187645,
Spain,ESP,2004,28.879414086708,1069829382514.67,308960457397.6828,42921895,
Spain,ESP,2005,27.2791723501867,1154667551775.88,314983751520.6235,43653155,
Spain,ESP,2006,27.1897040327331,1261846683275.29,343092378529.41046,44397319,
Spain,ESP,2007,27.4124140055924,1476746276854.51,404811803223.53,45226803,
Spain,ESP,2008,28.6016583485552,1636115447612.5,467956150514.06195,45954106,
Spain,ESP,2009,32.4055210206992,1496587590847.66,484977006345.3141,46362946,
Spain,ESP,2010,31.4678153823301,1427989078916.67,449356967033.33374,46576897,
Spain,ESP,2011,31.1937980143915,1487568659241.25,464029162889.1073,46742697,
Spain,ESP,2012,38.0321130850107,1330994811670.31,506205451930.0775,46773055,
Spain,ESP,2013,35.3397643645213,1362186923157.65,481393648848.2363,46604197,
Spain,ESP,2014,34.5306651240821,1380244561361.96,476607627377.2543,46460733,
Spain,ESP,2015,32.6560648764801,1206164777553.12,393885952274.9988,46422303,
Spain,ESP,2016,32.4323867041507,1243015667917.12,403139648212.0621,46458139,
Spain,ESP,2017,31.3619207811122,1321754088818.83,414527470256.4729,46571232,
Spain,ESP,2018,31.7256136391383,1431642809327.06,454197466379.6085,46782011,
Spain,ESP,2019,32.1149229088067,1403496387686.27,450731782933.3324,47118501,
Spain,ESP,2020,40.3694073931071,1289783836971.21,520678091637.35614,47359424,
Spain,ESP,2021,38.3621185067432,1461244901852.69,560564500922.4723,47443821,
Spain,ESP,2022,35.3952923242011,1446498147749.03,511992247859.9235,47786102,
Spain,ESP,2023,34.0313577036742,1620090734956.89,551338873137.2635,48347910,
Spain,ESP,2024,,1722745978335.16,,48807137,
France,FRA,1990,39.3062188568094,1257649439826.53,494334441269.6533,58261012,
France,FRA,1991,40.5185537944694,1258961748633.88,510113093372.0112,58554242,
France,FRA,1992,41.8866435414424,1389663073110.28,582083217860.7571,58846584,
France,FRA,1993,44.0270897635918,1314383368079.69,578684745302.1664,59103094,
France,FRA,1994,44.1610194827782,1385822778827.98,611993467355.0026,59324863,
France,FRA,1995,47.7268375808122,1595219345511.89,761347746090.1552,59541294,
France,FRA,1996,47.7666208998634,1598889216566.23,763735350685.9869,59754504,
France,FRA,1997,48.0283471141282,1449392222971.45,696119127893.907,59968066,
France,FRA,1998,46.2748834301802,1496906382032.47,692691683344.4534,60190684,
France,FRA,1999,46.0754772970323,1486915879701.93,685103588578.0309,60501986,
France,FRA,2000,44.7395900950739,1360959069477.49,608887509045.961,60918661,
France,FRA,2001,45.1259611564405,1370376677298.86,618395647094.8036,61364377,
France,FRA,2002,46.1481322288413,1492427756382.43,688727534435.2932,61812142,
France,FRA,2003,46.378152228103,1835095983049.09,851083608550.3102,62249855,
France,FRA,2004,45.7123683832106,2109792297237.03,964436027033.5928,62707588,
France,FRA,2005,45.7486480076561,2192146403028.17,1002877341733.8517,63180854,
France,FRA,2006,45.247946285329,2317861544690.82,1048784746709.9991,63622342,
France,FRA,2007,44.9111535137718,2655816911866.56,1192758010333.1042,64016890,
France,FRA,2008,45.2341073217247,2926802941585.86,1323913183692.3433,64375116,
France,FRA,2009,48.4059324731452,2700075882518.98,1306996908415.8167,64706436,
France,FRA,2010,49.6925291037396,2646230027988.34,1314978626810.0024,65026211,
France,FRA,2011,47.927974289251,2870408553990.28,1375728673752.9226,65340830,
France,FRA,2012,48.5371716441042,2683007095787.23,1302255759305.743,65657659,
France,FRA,2013,49.0717319139337,2816077607875.26,1381898054224.8645,65997932,
France,FRA,2014,49.1207847434763,2861236112552.42,1405461631849.4834,66312067,
France,FRA,2015,48.4491880082217,2442483452642.5,1183363400040.4692,66548272,
France,FRA,2016,48.1500427991658,2470407619777.13,1189502326236.5413,66724104,
France,FRA,2017,48.466341621356,2588868323334.71,1254729765714.472,66918020,
France,FRA,2018,47.1000773214216,2781576320884.39,1310124597890.902,67158348,
France,FRA,2019,45.8897902925031,2722793515171.76,1249484234210.194,67382061,
France,FRA,2020,51.9636314257982,2647926055110.05,1375958535705.0642,67601110,
France,FRA,2021,49.9944440065304,2966433692008.09,1483052031141.837,67842811,
France,FRA,2022,48.8338671441779,2796302210398.84,1365542506375.8794,68065015,
France,FRA,2023,47.3264654106394,3051831611384.76,1444324031952.9673,68287487,
France,FRA,2024,,3162079073495.78,,68516699,
United Kingdom,GBR,1990,32.583043271347,1093169389204.55,356187855113.63824,57247586,
United Kingdom,GBR,1991,34.7840781769414,1142797178130.51,397511463844.7969,57424897,
United Kingdom,GBR,1992,37.6406266271925,1179659529659.53,444031239031.2389,57580402,
United Kingdom,GBR,1993,37.368983262073,1061388722255.55,396630173965.20703,57718614,
United Kingdom,GBR,1994,37.079774985373,1140489745944.29,422891031527.3949,57865745,
United Kingdom,GBR,1995,37.1148507064079,1344240176739.78,498912734732.523,58019030,
United Kingdom,GBR,1996,35.8625835583351,1419645865834.63,509121684867.394,58166950,
United Kingdom,GBR,1997,34.4814638060425,1560911918795.02,538225278323.50836,58316954,
United Kingdom,GBR,1998,34.0053740557095,1653694932096.72,562345147399.8009,58487141,
United Kingdom,GBR,1999,33.6684086621781,1687830448147.55,568265652806.9893,58682466,
United Kingdom,GBR,2000,34.096871956626,1665534876683.31,567895294295.657,58892514,
United Kingdom,GBR,2001,34.392458131023,1649827263567.01,567416150856.4863,59119673,
United Kingdom,GBR,2002,35.7521450951329,1785729916067.15,638436750599.5225,59370479,
United Kingdom,GBR,2003,36.9533049254014,2054422857142.86,759177142857.1447,59647577,
United Kingdom,GBR,2004,37.4139692145313,2421525082387.4,905988648846.5756,59987905,
United Kingdom,GBR,2005,37.8516088304621,2543180000000.0,962634545454.5459,60401206,
United Kingdom,GBR,2006,38.1085270896539,2708441582336.71,1032147194112.2358,60846820,
United Kingdom,GBR,2007,38.4127144435877,3090510204081.63,1187148859543.8162,61322463,
United Kingdom,GBR,2008,41.2181852409639,2929411764705.88,1207450367647.059,61806995,
United Kingdom,GBR,2009,43.7888122561825,2412840006231.5,1056553980370.7737,62276270,
United Kingdom,GBR,2010,44.1378058416477,2485482596184.71,1097037482531.9518,62766365,
United Kingdom,GBR,2011,42.7003650930175,2663805834828.07,1137454816840.6885,63258810,
United Kingdom,GBR,2012,43.3321176508346,2707089726614.64,1173039305250.3125,63711000,
United Kingdom,GBR,2013,40.2043718258118,2784853502534.29,1119632856963.029,64139000,
United Kingdom,GBR,2014,39.4099587976251,3064708247921.43,1207800257773.2537,64620000,
United Kingdom,GBR,2015,38.4439779571719,2927911140916.73,1125605513619.6082,65088000,
United Kingdom,GBR,2016,37.2555349974519,2689106566899.61,1001841038150.0616,65607000,
United Kingdom,GBR,2017,37.1041862546711,2680148052335.3,994447125239.4296,65966000,
United Kingdom,GBR,2018,37.5296891145489,2871340347581.79,1077605105868.0537,66289000,
United Kingdom,GBR,2019,36.7161596135226,2851407164907.81,1046927205898.9711,66631000,
United Kingdom,GBR,2020,48.0124897432167,2696778386607.65,1294790446267.2827,66744000,
United Kingdom,GBR,2021,43.6472827513783,3143323050707.26,1371975099731.4478,66984000,
United Kingdom,GBR,2022,41.5283554488788,3114042471144.39,1293210626245.8914,67604000,
United Kingdom,GBR,2023,41.8524003341712,3369861888972.88,1410368088481.5935,68492000,
United Kingdom,GBR,2024,,3643834188782.91,,69226000,
Italy,ITA,1990,43.1435311988436,1183945130898.51,510795736926.38837,56719240,
Italy,ITA,1991,43.9785676681832,1249092439519.28,549332963752.1469,56758521,
Italy,ITA,1992,46.9713442442411,1323204350353.5,621526870459.3167,56797087,
Italy,ITA,1993,48.0187528069307,1067412587670.73,512558211903.6702,56831821,
Italy,ITA,1994,45.7716321828864,1101750159702.21,504289030673.25903,56843400,
Italy,ITA,1995,48.0454274109713,1177369428265.78,565672174016.4031,56844303,
Italy,ITA,1996,47.3139753226309,1314776508972.27,622073033002.888,56860281,
Italy,ITA,1997,44.9631793358656,1244988176443.84,559786266484.7666,56890372,
Italy,ITA,1998,41.1098536280353,1272729786996.77,523217352514.77765,56906744,
Italy,ITA,1999,40.9068084344975,1255004736463.98,513382383389.1905,56916317,
Italy,ITA,2000,39.3753190414545,1149661363439.38,452682829750.5916,56942108,
Italy,ITA,2001,39.8629674197254,1172041488805.87,467210516828.3485,56976981,
Italy,ITA,2002,39.343137327951,1281746271196.04,504279195672.54926,57089824,
Italy,ITA,2003,39.5095420420099,1582930016538.82,625408400379.9994,57399184,
Italy,ITA,2004,38.712773171034,1812808753294.75,701788540687.646,57828179,
Italy,ITA,2005,39.0437931279002,1864982261286.85,728159815968.8729,58166682,
Italy,ITA,2006,39.604793801922,1958563654385.64,775685096798.8209,58399861,
Italy,ITA,2007,39.0743870144837,2222524108127.65,868437671500.0,58756247,
Italy,ITA,2008,40.556207059261,2417508414187.19,980449718132.8137,59211181,
Italy,ITA,2009,44.0374979767778,2209484319012.65,973001612282.4185,59555454,
Italy,ITA,2010,42.6929919174617,2144936254535.0,915737461783.3333,59819407,
Italy,ITA,2011,41.8281531942746,2306974020278.21,964964627354.0852,60026841,
Italy,ITA,2012,43.4989070049363,2097929495121.68,912576400112.1091,60191247,
Italy,ITA,2013,43.7480535980426,2153225581941.46,941994281674.5146,60311613,
Italy,ITA,2014,43.5698249256497,2173255507985.84,946883620016.4695,60320707,
Italy,ITA,2015,43.5293517131866,1845428048839.1,803302865992.9689,60229605,
Italy,ITA,2016,43.2014022058276,1887111188176.93,815258494475.4877,60115223,
Italy,ITA,2017,42.9465753087,1970720904584.71,846357137411.7662,60002252,
Italy,ITA,2018,42.5027354888588,2099435266458.67,892317418062.7463,60148658,
Italy,ITA,2019,42.2948307679073,2019606796583.53,854189276792.1578,59729081,
Italy,ITA,2020,50.3444915572159,1907481094079.23,960311658364.2074,59438851,
Italy,ITA,2021,49.6527178126937,2179207773596.09,1082035886375.9517,59133173,
Italy,ITA,2022,48.3702644238252,2104067630319.46,1017743076441.6356,59013667,
Italy,ITA,2023,47.529218022042,2304605139862.79,1095360801472.5715,58993475,
Italy,ITA,2024,,2372774547793.12,,58986023,
Japan,JPN,1990,13.846234221868,3185904656663.85,441127820847.07623,123478000,
Japan,JPN,1991,,3648065760648.88,,123964000,
Japan,JPN,1992,,3980702922117.66,,124425000,
Japan,JPN,1993,,4536940479038.25,,124829000,
Japan,JPN,1994,15.0271835238702,4998797547740.97,751178481485.7585,125178000,
Japan,JPN,1995,15.0254930135052,5545563663889.7,833248280877.23,125472000,
Japan,JPN,1996,14.9490787342868,4923391533851.63,736001676792.6907,125757000,
Japan,JPN,1997,14.431030048272,4492448605638.94,648306608182.932,126057000,
Japan,JPN,1998,20.1145615989938,4098362709531.24,824367691758.8527,126400000,
Japan,JPN,1999,17.3108900923912,4635982224063.88,802529787510.4915,126631000,
Japan,JPN,2000,17.1095576406981,4968359075956.59,850064259897.6482,126843000,
Japan,JPN,2001,16.2333992095233,4374711694090.87,710164413567.4707,127149000,
Japan,JPN,2002,16.1070602104528,4182846045873.61,673733531119.4065,127445000,
Japan,JPN,2003,15.7293776764486,4519561645253.53,710898920501.8418,127718000,
Japan,JPN,2004,15.0737560136373,4893116005656.56,737576368156.905,127761000,
Japan,JPN,2005,15.0518407348066,4831467035389.8,727224723321.5547,127773000,
Japan,JPN,2006,14.8453333163917,4601663122649.92,683132228654.8593,127854000,
Japan,JPN,2007,14.0037943063894,4579750920354.81,641338898631.463,128001000,
Japan,JPN,2008,15.2644121011595,5106679115127.3,779504544816.8765,128063000,
Japan,JPN,2009,18.2117006884089,5289493117993.89,963306654583.0345,128047000,
Japan,JPN,2010,17.2217468141394,5759071769013.11,991812758904.0171,128070000,
Japan,JPN,2011,18.5956788727445,6233147172341.35,1159096031834.1516,127833000,
Japan,JPN,2012,18.1117047475127,6272362996105.03,1136031866546.7847,127629000,
Japan,JPN,2013,18.1406509054638,5212328181166.18,945550259392.4674,127445000,
Japan,JPN,2014,17.5741647729135,4896994405353.29,860605865717.143,127276000,
Japan,JPN,2015,16.9738508264281,4444930651964.18,754475898202.578,127141000,
Japan,JPN,2016,16.7112446327333,5003677627544.24,836176808972.2639,127076000,
Japan,JPN,2017,16.1953485344611,4930837369151.42,798566297601.5248,126972000,
Japan,JPN,2018,16.0713191758764,5040880939324.86,810136065034.8147,126811000,
Japan,JPN,2019,16.4238978704123,5117993853016.51,840574083433.411,126633000,
Japan,JPN,2020,23.6059009054084,5054068005376.28,1193058285041.0757,126261000,
Japan,JPN,2021,21.6186499931383,5039148168861.22,1089395805261.7448,125681593,
Japan,JPN,2022,20.9311943137094,4262463317796.53,892184479598.5763,125124989,
Japan,JPN,2023,,4213167237905.83,,124516650,
Japan,JPN,2024,,4026210821146.81,,123975371,
Portugal,PRT,1990,32.3222997365854,78713860216.5659,25442129833.435284,9983218,
Portugal,PRT,1991,34.730902729588,89233599278.4792,30991634567.518955,9960235,
Portugal,PRT,1992,35.8791544619716,107592098307.098,38603135140.48003,9952494,
Portugal,PRT,1993,37.2413070064039,95009751901.2592,35382873391.57061,9964675,
Portugal,PRT,1994,34.97051938506,99688641304.3478,34861635632.03988,9991525,
Portugal,PRT,1995,37.1597621199229,118122007430.012,43893856972.27011,10026176,
Portugal,PRT,1996,37.0234350367234,122630089680.27,45401871588.25041,10063945,
Portugal,PRT,1997,35.8726234953723,117016535162.95,41976901086.33499,10108977,
Portugal,PRT,1998,37.1318765794817,123946327916.296,46023597506.6787,10160196,
Portugal,PRT,1999,36.9374408173754,127470385557.184,47084298224.86509,10217828,
Portugal,PRT,2000,37.191454590642,118605192877.388,44110996451.13712,10289898,
Portugal,PRT,2001,38.056193389757,121604107164.997,46277894192.5986,10362722,
Portugal,PRT,2002,38.4231231303128,134795565549.419,51792666125.25477,10419631,
Portugal,PRT,2003,39.746800422034,165226175536.793,65672118235.56868,10458821,
Portugal,PRT,2004,40.3509034197459,189382122532.169,76417397357.22035,10483861,
Portugal,PRT,2005,41.3042466938943,197253876704.921,81474227847.47066,10503330,
Portugal,PRT,2006,39.9655434630104,208756449275.848,83430649467.17628,10522288,
Portugal,PRT,2007,39.1639890772347,240496147317.381,94187884866.54938,10542964,
Portugal,PRT,2008,40.201497485402,263416394624.084,105897335260.93774,10558177,
Portugal,PRT,2009,43.2776433601829,244667762835.543,105886441817.30441,10568247,
Portugal,PRT,2010,44.1455271039697,238443864993.217,105262301048.33354,10573100,
Portugal,PRT,2011,44.4757197536512,245426767676.002,109155321392.02327,10557560,
Portugal,PRT,2012,44.362913573288,216536676771.973,96061978770.82037,10514844,
Portugal,PRT,2013,45.5809604098825,226677408291.745,103321739731.60799,10457295,
Portugal,PRT,2014,47.560533270166,230078616299.675,109426616852.74449,10401062,
Portugal,PRT,2015,44.0036278174494,199038523119.639,87584170926.91393,10358076,
Portugal,PRT,2016,41.3199326718019,206305431241.638,85245265287.31538,10325452,
Portugal,PRT,2017,41.668947889985,220862990767.229,92031284531.05904,10300300,
Portugal,PRT,2018,39.2823047343675,242092894542.888,95099668574.58821,10283822,
Portugal,PRT,2019,38.6689545444553,240115970063.019,92850335317.64673,10286263,
Portugal,PRT,2020,44.5273320079934,229618773422.577,102243113594.55298,10297081,
Portugal,PRT,2021,42.4539286342892,256055879091.139,108705780173.254,10361831,
Portugal,PRT,2022,39.3111765510363,256898675068.927,100989891713.61896,10434332,
Portugal,PRT,2023,37.4964526682983,289696962620.235,108626084470.39424,10578174,
Portugal,PRT,2024,,308683317392.68,,10701636,
Russian Federation,RUS,1990,,517014446227.929,,147969406,
Russian Federation,RUS,1991,,517962962962.963,,148394216,
Russian Federation,RUS,1992,,460290556900.726,,148538197,
Russian Federation,RUS,1993,,435083713850.837,,148458777,
Russian Federation,RUS,1994,27.0478919361441,395077301248.464,106860081505.91904,148407912,
Russian Federation,RUS,1995,11.5640493066226,395537185734.854,45740115184.40593,148375787,
Russian Federation,RUS,1996,,391724890744.498,,148160129,
Russian Federation,RUS,1997,,404928954191.876,,147915361,
Russian Federation,RUS,1998,25.0415363723241,270955486862.442,67851416795.46625,147670784,
Russian Federation,RUS,1999,20.2861006003545,195907128350.934,39741917140.53608,147214776,
Russian Federation,RUS,2000,21.1628915021522,259710142196.943,54962175613.224236,146596869,
Russian Federation,RUS,2001,22.7585313017298,306602070620.5,69778128213.9182,145976482,
Russian Federation,RUS,2002,22.5352476801625,345470494417.863,77852631578.94737,145306497,
Russian Federation,RUS,2003,23.0463063924745,430347420184.885,99179185007.91824,144648618,
Russian Federation,RUS,2004,21.5738426688429,591016690732.385,127505011005.20656,144067316,
Russian Federation,RUS,2005,19.9480998634358,764015973481.11,152406669362.613,143518814,
Russian Federation,RUS,2006,19.5005414079754,989932071352.543,193042113484.93124,143049637,
Russian Federation,RUS,2007,23.0065326910769,1299703478481.65,299016705663.9444,142805114,
Russian Federation,RUS,2008,21.5321667594705,1660848058303.11,357616573535.2535,142742366,
Russian Federation,RUS,2009,32.1089747154083,1222645900055.7,392579062907.86096,142785348,
Russian Federation,RUS,2010,27.37723900216,1524916715223.95,417480093710.74835,142849468,
Russian Federation,RUS,2011,23.3499683933859,2045922753398.04,477722316271.5329,143018195,
Russian Federation,RUS,2012,24.1958551261758,2208293553878.42,534315509057.10144,143378447,
Russian Federation,RUS,2013,24.606189979681,2292470078346.22,564089542705.2128,143805638,
Russian Federation,RUS,2014,26.4617539784902,2059241589895.01,544911443340.76764,144237223,
Russian Federation,RUS,2015,30.6476505158828,1363482182197.71,417875254046.28644,144640716,
Russian Federation,RUS,2016,31.0284467524216,1276786350881.14,396166973025.3413,145015460,
Russian Federation,RUS,2017,30.7103051722937,1574199360089.0,483441427503.6265,145293260,
Russian Federation,RUS,2018,28.9441478427563,1657328773461.31,479699690431.1813,145398106,
Russian Federation,RUS,2019,29.6140297769421,1693115002708.32,501399581059.916,145453291,
Russian Federation,RUS,2020,35.2998185923772,1493075894362.14,527053082156.3489,145245148,
Russian Federation,RUS,2021,30.78279492703,1829186719575.1,563074796719.2704,144746762,
Russian Federation,RUS,2022,31.3980432829166,2291612121334.64,719521365733.2135,144236933,
Russian Federation,RUS,2023,29.6042548935718,2071505725030.58,613253834972.9855,143826130,
Russian Federation,RUS,2024,,2173835806671.66,,143533851,
Sweden,SWE,1990,35.2245335626687,261469578630.804,92101439480.97597,8558835,
Sweden,SWE,1991,36.6808317736331,273834608019.843,100444811905.74623,8617375,
Sweden,SWE,1992,39.7647892485493,283912173666.678,112897077509.52977,8668067,
Sweden,SWE,1993,44.2802532993136,212647043708.405,94160649587.58383,8718561,
Sweden,SWE,1994,42.0091779615586,228701658890.617,96075686884.396,8780745,
Sweden,SWE,1995,42.6257028989463,267052836695.499,113833148753.03165,8826939,
Sweden,SWE,1996,40.0926432438313,291952430659.111,117051446465.85133,8840998,
Sweden,SWE,1997,38.3010990309446,268251974485.586,102743454400.18852,8846062,
Sweden,SWE,1998,37.4630202758707,270889570937.999,101483414885.7217,8850974,
Sweden,SWE,1999,36.3899679909289,274320415375.678,99825111347.79243,8857874,
Sweden,SWE,2000,34.5255086578739,262905197441.662,90769356704.72148,8872109,
Sweden,SWE,2001,33.2249813258469,242499249692.616,80570330425.6905,8895960,
Sweden,SWE,2002,33.5620434647837,267373345246.531,89735958344.88692,8924958,
Sweden,SWE,2003,33.7312964315474,334074051172.972,112687508502.03453,8958229,
Sweden,SWE,2004,32.7638120183341,384547211147.247,125992325382.03032,8993531,
Sweden,SWE,2005,33.1440132197253,391690329314.475,129821894528.37517,9029572,
Sweden,SWE,2006,32.0213798558723,422530427475.536,135300073188.58238,9080505,
Sweden,SWE,2007,31.2580555657034,490050156832.574,153180150322.54263,9148092,
Sweden,SWE,2008,31.736209528083,514616528348.834,163319779702.9326,9219637,
Sweden,SWE,2009,33.9399744476108,434313804907.366,147405994408.00626,9298515,
Sweden,SWE,2010,33.2647807382225,492753255885.718,163913290150.83655,9378126,
Sweden,SWE,2011,32.4393124120237,570541353128.724,185079691981.21414,9449213,
Sweden,SWE,2012,33.0085659544123,549742183874.355,181462011343.393,9519374,
Sweden,SWE,2013,33.7230755160192,584128116410.29,196985965807.34265,9600379,
Sweden,SWE,2014,33.2570490627025,577730245154.162,192136031080.9911,9696110,
Sweden,SWE,2015,32.3526346696221,501698263620.663,162312606373.0307,9799186,
Sweden,SWE,2016,32.0365400392302,514218206628.325,164737721655.49484,9923085,
Sweden,SWE,2017,31.9272025376033,536083940228.684,171156605368.37616,10057698,
Sweden,SWE,2018,31.9437622149225,551312498430.164,176109953559.6799,10175214,
Sweden,SWE,2019,31.331078945366,532169294165.94,166734381678.12766,10278887,
Sweden,SWE,2020,34.8791012428256,545147614972.141,190142588548.98215,10353442,
Sweden,SWE,2021,32.9123112765962,637186904843.636,209712937535.8463,10415811,
Sweden,SWE,2022,32.2346800481688,579895717343.956,186927529098.8575,10486941,
Sweden,SWE,2023,,585489968189.064,,10536632,
Sweden,SWE,2024,,610117791237.089,,10569709,
United States,USA,1990,21.5589293164814,5963144000000.0,1285590000000.0017,249623000,
United States,USA,1991,22.8843858256298,6158129000000.0,1409249999999.998,252981000,
United States,USA,1992,21.8183842620163,6520327000000.0,1422629999999.9995,256514000,
United States,USA,1993,21.4174726790278,6858559000000.0,1468930000000.0022,259919000,
United States,USA,1994,20.7314542852736,7287236000000.0,1510750000000.0002,263126000,
United States,USA,1995,20.5330044220039,7639749000000.0,1568669999999.9985,266278000,
United States,USA,1996,20.0053956821165,8073122000000.0,1615059999999.9973,269394000,
United States,USA,1997,19.3896813449805,8577552000000.0,1663160000000.0017,272657000,
United States,USA,1998,18.7213313476373,9062817000000.0,1696680000000.0022,275854000,
United States,USA,1999,18.1044425330583,9631172000000.0,1743670000000.002,279040000,
United States,USA,2000,17.9265301408103,10250952000000.0,1837639999999.9963,282162411,
United States,USA,2001,19.5097642405274,10581929000000.0,2064509399999.9988,284968955,
United States,USA,2002,20.0840187506611,10929108000000.0,2195004100000.0024,287625193,
United States,USA,2003,20.6606182543458,11456450000000.0,2366973399999.9995,290107933,
United States,USA,2004,20.4485309067645,12217196000000.0,2498237099999.996,292805298,
United States,USA,2005,20.7451064662954,13039197000000.0,2704995299999.996,295516599,
United States,USA,2006,20.5951410085264,13815583000000.0,2845338800000.002,298379912,
United States,USA,2007,20.8646436963685,14474228000000.0,3019996100000.0044,301231207,
United States,USA,2008,22.7876198166239,14769862000000.0,3365700000000.003,304093966,
United States,USA,2009,25.5765165335953,14478067000000.0,3702985200000.005,306771529,
United States,USA,2010,26.0545933672143,15048971000000.0,3920948200000.003,309378227,
United States,USA,2011,25.3456995286842,15599732000000.0,3953861199999.9985,311839461,
United States,USA,2012,23.9119039840728,16253970000000.0,3886633699999.998,314339099,
United States,USA,2013,22.8814639786791,16880683000000.0,3862547400000.0063,316726282,
United States,USA,2014,22.6100726834376,17608138000000.0,3981212799999.996,319257560,
United States,USA,2015,22.3735356601707,18295019000000.0,4093242600000.005,321815121,
United States,USA,2016,22.4159218391492,18804913000000.0,4215294600000.007,324353340,
United States,USA,2017,22.1406996557534,19612102000000.0,4342256600000.006,326608609,
United States,USA,2018,22.1694791125473,20656516000000.0,4579441999999.991,328529577,
United States,USA,2019,22.514337755714,21539982000000.0,4849584299999.999,330226227,
United States,USA,2020,31.8281473281133,21354105000000.0,6796616000000.009,331577720,
United States,USA,2021,31.3034760823272,23681171000000.0,7413029700000.006,332099760,
United States,USA,2022,24.658458048026,26006893000000.0,6412898800000.011,334017321,
United States,USA,2023,24.5133766239529,27720709000000.0,6795281800000.008,336806231,
United States,USA,2024,,29184890000000.0,,340110988,
